operation,amount,time
addition,2000000,1286245
addition,2000000,1258891
addition,2000000,1237551
addition,2000000,1222254
addition,2000000,1210226
addition,2000000,1201913
addition,2000000,1264102
addition,2000000,1227812
addition,2000000,1227353
addition,2000000,1244093
addition,2000000,1282051
addition,2000000,1276928
addition,2000000,1272099
addition,2000000,1271068
addition,2000000,1274792
addition,2000000,1284902
addition,2000000,1273562
addition,2000000,1346668
addition,2000000,1251343
addition,2000000,1265860
addition,2000000,1233197
addition,2000000,1240478
addition,2000000,1229141
addition,2000000,1246575
addition,2000000,1257311
addition,2000000,1263249
addition,2000000,1231257
addition,2000000,1235525
addition,2000000,1221235
addition,2000000,1221838
addition,2000000,1237368
addition,2000000,1241075
addition,2000000,1255046
addition,2000000,1246086
addition,2000000,1270442
addition,2000000,1272390
addition,2000000,1332046
addition,2000000,1246360
addition,2000000,1270168
addition,2000000,1251619
addition,2000000,1258661
addition,2000000,1245751
addition,2000000,1248607
addition,2000000,1256029
addition,2000000,1253653
addition,2000000,1267196
addition,2000000,1234106
addition,2000000,1232618
addition,2000000,1210509
addition,2000000,1212049
addition,2000000,1234918
addition,2000000,1248035
addition,2000000,1240569
addition,2000000,1260532
addition,2000000,1233583
addition,2000000,1334771
addition,2000000,1236196
addition,2000000,1237658
addition,2000000,1245459
addition,2000000,1245966
addition,2000000,1270348
addition,2000000,1247677
addition,2000000,1241618
addition,2000000,1286930
addition,2000000,1246665
addition,2000000,1255850
addition,2000000,1262721
addition,2000000,1253553
addition,2000000,1257300
addition,2000000,1289750
addition,2000000,1246484
addition,2000000,1243797
addition,2000000,1248035
addition,2000000,1240346
addition,2000000,1334652
addition,2000000,1255996
addition,2000000,1226572
addition,2000000,1202078
addition,2000000,1244165
addition,2000000,1241352
addition,2000000,1267156
addition,2000000,1249722
addition,2000000,1247201
addition,2000000,1240575
addition,2000000,1243676
addition,2000000,1256291
addition,2000000,1251479
addition,2000000,1241857
addition,2000000,1253647
addition,2000000,1238042
addition,2000000,1226379
addition,2000000,1216743
addition,2000000,1244797
addition,2000000,1323739
addition,2000000,1237190
addition,2000000,1292897
addition,2000000,1238820
addition,2000000,1244338
addition,2000000,1241276
addition,2000000,1252935
substraction,2000000,1411248
substraction,2000000,1237996
substraction,2000000,1251782
substraction,2000000,1235598
substraction,2000000,1240701
substraction,2000000,1240334
substraction,2000000,1259534
substraction,2000000,1245949
substraction,2000000,1252776
substraction,2000000,1238482
substraction,2000000,1240721
substraction,2000000,1239316
substraction,2000000,1239271
substraction,2000000,1241749
substraction,2000000,1234568
substraction,2000000,1284691
substraction,2000000,1317533
substraction,2000000,1247241
substraction,2000000,1253306
substraction,2000000,1251742
substraction,2000000,1227440
substraction,2000000,1251889
substraction,2000000,1244501
substraction,2000000,1232766
substraction,2000000,1214351
substraction,2000000,1222694
substraction,2000000,1258693
substraction,2000000,1223909
substraction,2000000,1218133
substraction,2000000,1238432
substraction,2000000,1242351
substraction,2000000,1250575
substraction,2000000,1247897
substraction,2000000,1220322
substraction,2000000,1240438
substraction,2000000,1334915
substraction,2000000,1237488
substraction,2000000,1224573
substraction,2000000,1241609
substraction,2000000,1223002
substraction,2000000,1247328
substraction,2000000,1243668
substraction,2000000,1237450
substraction,2000000,1255322
substraction,2000000,1235946
substraction,2000000,1234107
substraction,2000000,1246662
substraction,2000000,1241825
substraction,2000000,1263422
substraction,2000000,1237903
substraction,2000000,1247529
substraction,2000000,1243587
substraction,2000000,1251355
substraction,2000000,1243096
substraction,2000000,1322937
substraction,2000000,1237851
substraction,2000000,1258378
substraction,2000000,1236293
substraction,2000000,1236494
substraction,2000000,1258287
substraction,2000000,1239631
substraction,2000000,1249256
substraction,2000000,1259910
substraction,2000000,1226293
substraction,2000000,1237349
substraction,2000000,1230165
substraction,2000000,1243128
substraction,2000000,1256143
substraction,2000000,1257012
substraction,2000000,1247019
substraction,2000000,1224261
substraction,2000000,1239900
substraction,2000000,1244857
substraction,2000000,1315656
substraction,2000000,1261165
substraction,2000000,1241781
substraction,2000000,1244797
substraction,2000000,1249370
substraction,2000000,1247158
substraction,2000000,1246370
substraction,2000000,1246445
substraction,2000000,1245026
substraction,2000000,1220657
substraction,2000000,1226046
substraction,2000000,1250949
substraction,2000000,1238828
substraction,2000000,1240789
substraction,2000000,1240115
substraction,2000000,1294195
substraction,2000000,1247340
substraction,2000000,1241376
substraction,2000000,1323993
substraction,2000000,1241382
substraction,2000000,1251925
substraction,2000000,1246908
substraction,2000000,1236460
substraction,2000000,1264963
substraction,2000000,1242732
substraction,2000000,1258228
substraction,2000000,1241895
multiplication,2000000,1322601
multiplication,2000000,1223369
multiplication,2000000,1225716
multiplication,2000000,1215808
multiplication,2000000,1209455
multiplication,2000000,1219997
multiplication,2000000,1241831
multiplication,2000000,1228554
multiplication,2000000,1243166
multiplication,2000000,1231006
multiplication,2000000,1239283
multiplication,2000000,1250230
multiplication,2000000,1251586
multiplication,2000000,1239442
multiplication,2000000,1317553
multiplication,2000000,1238437
multiplication,2000000,1245467
multiplication,2000000,1231425
multiplication,2000000,1235511
multiplication,2000000,1234658
multiplication,2000000,1233640
multiplication,2000000,1246648
multiplication,2000000,1242512
multiplication,2000000,1242735
multiplication,2000000,1242997
multiplication,2000000,1240027
multiplication,2000000,1253780
multiplication,2000000,1269937
multiplication,2000000,1239104
multiplication,2000000,1249243
multiplication,2000000,1259898
multiplication,2000000,1257461
multiplication,2000000,1231949
multiplication,2000000,1323311
multiplication,2000000,1238821
multiplication,2000000,1246231
multiplication,2000000,1280348
multiplication,2000000,1237686
multiplication,2000000,1215395
multiplication,2000000,1221490
multiplication,2000000,1225118
multiplication,2000000,1225568
multiplication,2000000,1269125
multiplication,2000000,1247893
multiplication,2000000,1258918
multiplication,2000000,1248104
multiplication,2000000,1267454
multiplication,2000000,1254773
multiplication,2000000,1256697
multiplication,2000000,1246623
multiplication,2000000,1253978
multiplication,2000000,1228775
multiplication,2000000,1334283
multiplication,2000000,1245836
multiplication,2000000,1244693
multiplication,2000000,1242986
multiplication,2000000,1288119
multiplication,2000000,1241572
multiplication,2000000,1240729
multiplication,2000000,1246296
multiplication,2000000,1248451
multiplication,2000000,1244655
multiplication,2000000,1233145
multiplication,2000000,1213183
multiplication,2000000,1229846
multiplication,2000000,1243716
multiplication,2000000,1228851
multiplication,2000000,1262693
multiplication,2000000,1231270
multiplication,2000000,1244724
multiplication,2000000,1268383
multiplication,2000000,1338642
multiplication,2000000,1246109
multiplication,2000000,1245756
multiplication,2000000,1219797
multiplication,2000000,1216972
multiplication,2000000,1238512
multiplication,2000000,1232310
multiplication,2000000,1211047
multiplication,2000000,1245113
multiplication,2000000,1237199
multiplication,2000000,1262669
multiplication,2000000,1266931
multiplication,2000000,1236682
multiplication,2000000,1237112
multiplication,2000000,1244435
multiplication,2000000,1234734
multiplication,2000000,1251141
multiplication,2000000,1245986
multiplication,2000000,1276494
multiplication,2000000,1327516
multiplication,2000000,1247265
multiplication,2000000,1233486
multiplication,2000000,1264737
multiplication,2000000,1243856
multiplication,2000000,1248204
multiplication,2000000,1234823
multiplication,2000000,1267632
multiplication,2000000,1237885
multiplication,2000000,1246392
division,2000000,1288634
division,2000000,1275235
division,2000000,1249420
division,2000000,1251428
division,2000000,1257452
division,2000000,1237561
division,2000000,1237583
division,2000000,1258000
division,2000000,1248014
division,2000000,1244844
division,2000000,1258363
division,2000000,1238534
division,2000000,1351901
division,2000000,1245940
division,2000000,1258393
division,2000000,1254258
division,2000000,1259043
division,2000000,1250422
division,2000000,1260306
division,2000000,1243881
division,2000000,1225633
division,2000000,1257146
division,2000000,1271260
division,2000000,1218979
division,2000000,1239505
division,2000000,1251839
division,2000000,1237583
division,2000000,1259084
division,2000000,1274448
division,2000000,1282860
division,2000000,1266266
division,2000000,1342271
division,2000000,1267480
division,2000000,1248137
division,2000000,1257597
division,2000000,1252246
division,2000000,1289796
division,2000000,1255121
division,2000000,1260179
division,2000000,1243459
division,2000000,1287990
division,2000000,1241592
division,2000000,1226838
division,2000000,1232071
division,2000000,1229459
division,2000000,1266442
division,2000000,1259921
division,2000000,1242754
division,2000000,1257627
division,2000000,1298301
division,2000000,1330929
division,2000000,1291776
division,2000000,1242810
division,2000000,1251997
division,2000000,1260101
division,2000000,1254912
division,2000000,1259633
division,2000000,1275187
division,2000000,1252537
division,2000000,1250190
division,2000000,1255828
division,2000000,1281715
division,2000000,1250382
division,2000000,1260447
division,2000000,1264786
division,2000000,1254088
division,2000000,1291694
division,2000000,1251743
division,2000000,1255161
division,2000000,1342331
division,2000000,1229508
division,2000000,1253663
division,2000000,1258203
division,2000000,1265683
division,2000000,1255880
division,2000000,1252410
division,2000000,1247464
division,2000000,1269852
division,2000000,1256174
division,2000000,1276577
division,2000000,1258445
division,2000000,1286900
division,2000000,1254561
division,2000000,1250683
division,2000000,1260434
division,2000000,1251732
division,2000000,1259094
division,2000000,1330495
division,2000000,1257790
division,2000000,1255169
division,2000000,1255627
division,2000000,1254664
division,2000000,1252129
division,2000000,1213585
division,2000000,1247020
division,2000000,1257633
division,2000000,1283652
division,2000000,1260892
division,2000000,1243569
division,2000000,1265359
smaller than,2000000,1224418
smaller than,2000000,1236545
smaller than,2000000,1245702
smaller than,2000000,1232953
smaller than,2000000,1198731
smaller than,2000000,1243341
smaller than,2000000,1231706
smaller than,2000000,1203413
smaller than,2000000,1235600
smaller than,2000000,1243309
smaller than,2000000,1229835
smaller than,2000000,1328298
smaller than,2000000,1235062
smaller than,2000000,1242894
smaller than,2000000,1238870
smaller than,2000000,1243465
smaller than,2000000,1231829
smaller than,2000000,1273282
smaller than,2000000,1231104
smaller than,2000000,1254244
smaller than,2000000,1234627
smaller than,2000000,1250546
smaller than,2000000,1235650
smaller than,2000000,1275070
smaller than,2000000,1228054
smaller than,2000000,1235590
smaller than,2000000,1261484
smaller than,2000000,1230960
smaller than,2000000,1234893
smaller than,2000000,1230457
smaller than,2000000,1252853
smaller than,2000000,1256291
smaller than,2000000,1249603
smaller than,2000000,1227480
smaller than,2000000,1249091
smaller than,2000000,1247755
smaller than,2000000,1235342
smaller than,2000000,1268344
smaller than,2000000,1235107
smaller than,2000000,1318740
smaller than,2000000,1227298
smaller than,2000000,1240811
smaller than,2000000,1250611
smaller than,2000000,1236165
smaller than,2000000,1233205
smaller than,2000000,1228364
smaller than,2000000,1208218
smaller than,2000000,1245321
smaller than,2000000,1240832
smaller than,2000000,1223302
smaller than,2000000,1227043
smaller than,2000000,1225847
smaller than,2000000,1249648
smaller than,2000000,1204577
smaller than,2000000,1237560
smaller than,2000000,1224847
smaller than,2000000,1233318
smaller than,2000000,1230407
smaller than,2000000,1229025
smaller than,2000000,1229320
smaller than,2000000,1263774
smaller than,2000000,1237688
smaller than,2000000,1256804
smaller than,2000000,1232257
smaller than,2000000,1226883
smaller than,2000000,1230342
smaller than,2000000,1268668
smaller than,2000000,1310576
smaller than,2000000,1260643
smaller than,2000000,1243142
smaller than,2000000,1229870
smaller than,2000000,1225565
smaller than,2000000,1204963
smaller than,2000000,1225219
smaller than,2000000,1228426
smaller than,2000000,1278814
smaller than,2000000,1219144
smaller than,2000000,1209049
smaller than,2000000,1240503
smaller than,2000000,1245359
smaller than,2000000,1221982
smaller than,2000000,1223710
smaller than,2000000,1226358
smaller than,2000000,1271520
smaller than,2000000,1213131
smaller than,2000000,1223881
smaller than,2000000,1232478
smaller than,2000000,1219876
smaller than,2000000,1228541
smaller than,2000000,1235719
smaller than,2000000,1220376
smaller than,2000000,1225284
smaller than,2000000,1213955
smaller than,2000000,1265132
smaller than,2000000,1221151
smaller than,2000000,1220660
smaller than,2000000,1311974
smaller than,2000000,1266898
smaller than,2000000,1220595
smaller than,2000000,1230088
greater than,2000000,1225094
greater than,2000000,1229006
greater than,2000000,1292190
greater than,2000000,1225687
greater than,2000000,1290383
greater than,2000000,1227799
greater than,2000000,1249566
greater than,2000000,1225768
greater than,2000000,1245461
greater than,2000000,1226552
greater than,2000000,1246250
greater than,2000000,1235462
greater than,2000000,1215483
greater than,2000000,1206967
greater than,2000000,1261132
greater than,2000000,1240277
greater than,2000000,1220828
greater than,2000000,1228558
greater than,2000000,1198234
greater than,2000000,1208867
greater than,2000000,1228522
greater than,2000000,1239002
greater than,2000000,1271814
greater than,2000000,1205506
greater than,2000000,1214164
greater than,2000000,1231387
greater than,2000000,1218693
greater than,2000000,1229355
greater than,2000000,1234017
greater than,2000000,1260441
greater than,2000000,1229331
greater than,2000000,1238130
greater than,2000000,1271369
greater than,2000000,1332412
greater than,2000000,1224442
greater than,2000000,1230562
greater than,2000000,1261541
greater than,2000000,1223146
greater than,2000000,1237485
greater than,2000000,1227820
greater than,2000000,1194253
greater than,2000000,1199940
greater than,2000000,1240982
greater than,2000000,1223004
greater than,2000000,1228229
greater than,2000000,1231739
greater than,2000000,1228472
greater than,2000000,1224365
greater than,2000000,1226665
greater than,2000000,1240882
greater than,2000000,1230438
greater than,2000000,1225800
greater than,2000000,1212918
greater than,2000000,1205151
greater than,2000000,1218282
greater than,2000000,1226985
greater than,2000000,1214573
greater than,2000000,1208457
greater than,2000000,1218409
greater than,2000000,1289095
greater than,2000000,1238730
greater than,2000000,1297296
greater than,2000000,1230191
greater than,2000000,1218387
greater than,2000000,1229003
greater than,2000000,1262103
greater than,2000000,1212446
greater than,2000000,1211538
greater than,2000000,1227728
greater than,2000000,1293273
greater than,2000000,1229746
greater than,2000000,1227793
greater than,2000000,1225377
greater than,2000000,1197324
greater than,2000000,1206752
greater than,2000000,1225190
greater than,2000000,1221118
greater than,2000000,1222262
greater than,2000000,1231167
greater than,2000000,1287165
greater than,2000000,1223147
greater than,2000000,1241526
greater than,2000000,1215088
greater than,2000000,1223170
greater than,2000000,1230405
greater than,2000000,1229377
greater than,2000000,1223807
greater than,2000000,1283239
greater than,2000000,1223629
greater than,2000000,1326098
greater than,2000000,1228036
greater than,2000000,1212221
greater than,2000000,1216375
greater than,2000000,1228011
greater than,2000000,1275060
greater than,2000000,1215001
greater than,2000000,1231596
greater than,2000000,1259624
greater than,2000000,1236406
greater than,2000000,1231794
equals,2000000,1213837
equals,2000000,1246521
equals,2000000,1215466
equals,2000000,1230008
equals,2000000,1224513
equals,2000000,1233129
equals,2000000,1222282
equals,2000000,1244419
equals,2000000,1217510
equals,2000000,1211519
equals,2000000,1218466
equals,2000000,1178142
equals,2000000,1218582
equals,2000000,1235696
equals,2000000,1218037
equals,2000000,1232453
equals,2000000,1226313
equals,2000000,1233107
equals,2000000,1226950
equals,2000000,1221562
equals,2000000,1225799
equals,2000000,1226209
equals,2000000,1213438
equals,2000000,1220345
equals,2000000,1211829
equals,2000000,1270845
equals,2000000,1244830
equals,2000000,1212161
equals,2000000,1216038
equals,2000000,1230924
equals,2000000,1279800
equals,2000000,1238557
equals,2000000,1211187
equals,2000000,1214820
equals,2000000,1205489
equals,2000000,1212099
equals,2000000,1221883
equals,2000000,1221241
equals,2000000,1226536
equals,2000000,1202540
equals,2000000,1222356
equals,2000000,1251120
equals,2000000,1224260
equals,2000000,1222926
equals,2000000,1225057
equals,2000000,1221723
equals,2000000,1220170
equals,2000000,1208188
equals,2000000,1196268
equals,2000000,1222298
equals,2000000,1214141
equals,2000000,1207064
equals,2000000,1346299
equals,2000000,1215157
equals,2000000,1226962
equals,2000000,1223638
equals,2000000,1223393
equals,2000000,1243632
equals,2000000,1209987
equals,2000000,1212322
equals,2000000,1230624
equals,2000000,1214771
equals,2000000,1220041
equals,2000000,1207768
equals,2000000,1270535
equals,2000000,1218158
equals,2000000,1231496
equals,2000000,1219065
equals,2000000,1216354
equals,2000000,1230887
equals,2000000,1223583
equals,2000000,1223099
equals,2000000,1242152
equals,2000000,1200923
equals,2000000,1216477
equals,2000000,1228701
equals,2000000,1223448
equals,2000000,1224741
equals,2000000,1224567
equals,2000000,1220252
equals,2000000,1238381
equals,2000000,1277073
equals,2000000,1195348
equals,2000000,1228377
equals,2000000,1218245
equals,2000000,1216276
equals,2000000,1223638
equals,2000000,1212374
equals,2000000,1198759
equals,2000000,1225302
equals,2000000,1217023
equals,2000000,1206707
equals,2000000,1195287
equals,2000000,1211838
equals,2000000,1221557
equals,2000000,1276087
equals,2000000,1232820
equals,2000000,1231757
equals,2000000,1207697
equals,2000000,1219342
not equals,2000000,1239121
not equals,2000000,1212316
not equals,2000000,1227034
not equals,2000000,1205970
not equals,2000000,1221738
not equals,2000000,1235594
not equals,2000000,1223909
not equals,2000000,1229954
not equals,2000000,1204772
not equals,2000000,1336277
not equals,2000000,1221450
not equals,2000000,1260421
not equals,2000000,1219267
not equals,2000000,1235252
not equals,2000000,1205947
not equals,2000000,1223884
not equals,2000000,1224570
not equals,2000000,1231211
not equals,2000000,1239814
not equals,2000000,1233959
not equals,2000000,1221670
not equals,2000000,1243635
not equals,2000000,1226428
not equals,2000000,1225660
not equals,2000000,1235943
not equals,2000000,1273683
not equals,2000000,1249838
not equals,2000000,1243840
not equals,2000000,1244288
not equals,2000000,1251011
not equals,2000000,1241885
not equals,2000000,1238971
not equals,2000000,1245300
not equals,2000000,1265949
not equals,2000000,1238752
not equals,2000000,1228758
not equals,2000000,1246837
not equals,2000000,1354926
not equals,2000000,1249567
not equals,2000000,1208084
not equals,2000000,1226698
not equals,2000000,1246664
not equals,2000000,1230289
not equals,2000000,1235072
not equals,2000000,1224462
not equals,2000000,1193272
not equals,2000000,1214003
not equals,2000000,1221073
not equals,2000000,1224097
not equals,2000000,1215301
not equals,2000000,1218819
not equals,2000000,1225747
not equals,2000000,1249352
not equals,2000000,1239789
not equals,2000000,1222250
not equals,2000000,1267213
not equals,2000000,1225633
not equals,2000000,1237779
not equals,2000000,1222706
not equals,2000000,1219853
not equals,2000000,1222240
not equals,2000000,1184509
not equals,2000000,1224721
not equals,2000000,1223617
not equals,2000000,1223778
not equals,2000000,1312094
not equals,2000000,1238968
not equals,2000000,1226547
not equals,2000000,1223418
not equals,2000000,1233142
not equals,2000000,1226805
not equals,2000000,1239124
not equals,2000000,1224722
not equals,2000000,1227956
not equals,2000000,1229311
not equals,2000000,1203399
not equals,2000000,1261635
not equals,2000000,1220252
not equals,2000000,1229829
not equals,2000000,1223805
not equals,2000000,1229278
not equals,2000000,1218189
not equals,2000000,1219270
not equals,2000000,1234449
not equals,2000000,1232159
not equals,2000000,1223831
not equals,2000000,1222402
not equals,2000000,1264017
not equals,2000000,1229468
not equals,2000000,1239816
not equals,2000000,1229993
not equals,2000000,1226268
not equals,2000000,1223488
not equals,2000000,1260126
not equals,2000000,1291969
not equals,2000000,1220272
not equals,2000000,1261113
not equals,2000000,1219272
not equals,2000000,1229495
not equals,2000000,1234008
isPrime,2000000,1645481
isPrime,2000000,1570433
isPrime,2000000,1573577
isPrime,2000000,1560555
isPrime,2000000,1563940
isPrime,2000000,1560094
isPrime,2000000,1561658
isPrime,2000000,1555712
isPrime,2000000,1568988
isPrime,2000000,1551832
isPrime,2000000,1568437
isPrime,2000000,1566319
isPrime,2000000,1555488
isPrime,2000000,1563361
isPrime,2000000,1569875
isPrime,2000000,1646845
isPrime,2000000,1563992
isPrime,2000000,1566595
isPrime,2000000,1565428
isPrime,2000000,1558664
isPrime,2000000,1567662
isPrime,2000000,1571431
isPrime,2000000,1547886
isPrime,2000000,1561376
isPrime,2000000,1569147
isPrime,2000000,1570226
isPrime,2000000,1566854
isPrime,2000000,1560711
isPrime,2000000,1564799
isPrime,2000000,1566357
isPrime,2000000,1670585
isPrime,2000000,1560396
isPrime,2000000,1553009
isPrime,2000000,1560727
isPrime,2000000,1562993
isPrime,2000000,1560282
isPrime,2000000,1560110
isPrime,2000000,1557198
isPrime,2000000,1555139
isPrime,2000000,1561772
isPrime,2000000,1565295
isPrime,2000000,1556105
isPrime,2000000,1557923
isPrime,2000000,1566171
isPrime,2000000,1595076
isPrime,2000000,1628319
isPrime,2000000,1564822
isPrime,2000000,1563540
isPrime,2000000,1564985
isPrime,2000000,1566220
isPrime,2000000,1565463
isPrime,2000000,1561052
isPrime,2000000,1552093
isPrime,2000000,1564516
isPrime,2000000,1559313
isPrime,2000000,1557431
isPrime,2000000,1560243
isPrime,2000000,1561706
isPrime,2000000,1560063
isPrime,2000000,1663698
isPrime,2000000,1566301
isPrime,2000000,1561380
isPrime,2000000,1562721
isPrime,2000000,1571513
isPrime,2000000,1558283
isPrime,2000000,1564092
isPrime,2000000,1561319
isPrime,2000000,1563462
isPrime,2000000,1557788
isPrime,2000000,1567787
isPrime,2000000,1554314
isPrime,2000000,1559945
isPrime,2000000,1555277
isPrime,2000000,1567105
isPrime,2000000,1657468
isPrime,2000000,1558604
isPrime,2000000,1561649
isPrime,2000000,1557052
isPrime,2000000,1572936
isPrime,2000000,1556724
isPrime,2000000,1564311
isPrime,2000000,1563492
isPrime,2000000,1568295
isPrime,2000000,1571834
isPrime,2000000,1560093
isPrime,2000000,1562086
isPrime,2000000,1566069
isPrime,2000000,1565773
isPrime,2000000,1565354
isPrime,2000000,1660285
isPrime,2000000,1564906
isPrime,2000000,1559465
isPrime,2000000,1557673
isPrime,2000000,1562937
isPrime,2000000,1559239
isPrime,2000000,1567429
isPrime,2000000,1555876
isPrime,2000000,1557581
isPrime,2000000,1568406
isPrime,2000000,1560374
sin,2000000,1598162
sin,2000000,1528576
sin,2000000,1536736
sin,2000000,1622087
sin,2000000,1539131
sin,2000000,1548894
sin,2000000,1544493
sin,2000000,1539531
sin,2000000,1525912
sin,2000000,1552621
sin,2000000,1562412
sin,2000000,1559098
sin,2000000,1557997
sin,2000000,1562198
sin,2000000,1568356
sin,2000000,1568284
sin,2000000,1571135
sin,2000000,1655933
sin,2000000,1567680
sin,2000000,1534812
sin,2000000,1537352
sin,2000000,1533416
sin,2000000,1539283
sin,2000000,1534975
sin,2000000,1533670
sin,2000000,1525796
sin,2000000,1536305
sin,2000000,1538164
sin,2000000,1543531
sin,2000000,1541074
sin,2000000,1530708
sin,2000000,1537684
sin,2000000,1638597
sin,2000000,1531306
sin,2000000,1544086
sin,2000000,1531281
sin,2000000,1534586
sin,2000000,1534212
sin,2000000,1536787
sin,2000000,1534966
sin,2000000,1533605
sin,2000000,1535141
sin,2000000,1540531
sin,2000000,1539691
sin,2000000,1541143
sin,2000000,1525590
sin,2000000,1531915
sin,2000000,1620822
sin,2000000,1536671
sin,2000000,1538469
sin,2000000,1531454
sin,2000000,1533727
sin,2000000,1535721
sin,2000000,1548812
sin,2000000,1544680
sin,2000000,1541536
sin,2000000,1533964
sin,2000000,1540622
sin,2000000,1541332
sin,2000000,1527472
sin,2000000,1539383
sin,2000000,1538069
sin,2000000,1635952
sin,2000000,1532530
sin,2000000,1529724
sin,2000000,1541335
sin,2000000,1537713
sin,2000000,1539177
sin,2000000,1537583
sin,2000000,1541415
sin,2000000,1541242
sin,2000000,1527949
sin,2000000,1536389
sin,2000000,1537915
sin,2000000,1536186
sin,2000000,1535576
sin,2000000,1637719
sin,2000000,1537527
sin,2000000,1539467
sin,2000000,1536006
sin,2000000,1533166
sin,2000000,1538422
sin,2000000,1534155
sin,2000000,1534318
sin,2000000,1532778
sin,2000000,1528966
sin,2000000,1526949
sin,2000000,1529236
sin,2000000,1535523
sin,2000000,1513538
sin,2000000,1531963
sin,2000000,1644344
sin,2000000,1527187
sin,2000000,1534075
sin,2000000,1536695
sin,2000000,1537415
sin,2000000,1535056
sin,2000000,1535384
sin,2000000,1531748
sin,2000000,1535559
tan,2000000,1569377
tan,2000000,1541071
tan,2000000,1549027
tan,2000000,1547873
tan,2000000,1544138
tan,2000000,1546534
tan,2000000,1549153
tan,2000000,1641066
tan,2000000,1547459
tan,2000000,1541612
tan,2000000,1541704
tan,2000000,1542641
tan,2000000,1545463
tan,2000000,1542170
tan,2000000,1546346
tan,2000000,1536083
tan,2000000,1547869
tan,2000000,1563992
tan,2000000,1569355
tan,2000000,1569301
tan,2000000,1570454
tan,2000000,1574202
tan,2000000,1642420
tan,2000000,1550354
tan,2000000,1546355
tan,2000000,1545492
tan,2000000,1543641
tan,2000000,1546649
tan,2000000,1538988
tan,2000000,1541362
tan,2000000,1540916
tan,2000000,1552249
tan,2000000,1551684
tan,2000000,1544639
tan,2000000,1547814
tan,2000000,1545014
tan,2000000,1686731
tan,2000000,1532649
tan,2000000,1537030
tan,2000000,1529947
tan,2000000,1543585
tan,2000000,1532709
tan,2000000,1542775
tan,2000000,1542288
tan,2000000,1532708
tan,2000000,1531548
tan,2000000,1545750
tan,2000000,1547265
tan,2000000,1545710
tan,2000000,1533242
tan,2000000,1545490
tan,2000000,1620222
tan,2000000,1541420
tan,2000000,1551759
tan,2000000,1538323
tan,2000000,1539929
tan,2000000,1535590
tan,2000000,1548101
tan,2000000,1535577
tan,2000000,1529489
tan,2000000,1544997
tan,2000000,1530099
tan,2000000,1530328
tan,2000000,1534788
tan,2000000,1542222
tan,2000000,1542434
tan,2000000,1650435
tan,2000000,1529709
tan,2000000,1536955
tan,2000000,1539380
tan,2000000,1527401
tan,2000000,1541854
tan,2000000,1536117
tan,2000000,1542844
tan,2000000,1543105
tan,2000000,1547820
tan,2000000,1544041
tan,2000000,1527556
tan,2000000,1535187
tan,2000000,1547826
tan,2000000,1549157
tan,2000000,1626057
tan,2000000,1539861
tan,2000000,1530829
tan,2000000,1539319
tan,2000000,1539265
tan,2000000,1540349
tan,2000000,1549215
tan,2000000,1527884
tan,2000000,1534541
tan,2000000,1538202
tan,2000000,1539881
tan,2000000,1535916
tan,2000000,1544126
tan,2000000,1542243
tan,2000000,1645425
tan,2000000,1549729
tan,2000000,1538895
tan,2000000,1542355
tan,2000000,1552277
rand,2000000,2769586
rand,2000000,2685832
rand,2000000,2698745
rand,2000000,2695612
rand,2000000,2679438
rand,2000000,2707172
rand,2000000,2808655
rand,2000000,2660677
rand,2000000,2686397
rand,2000000,2690194
rand,2000000,2706909
rand,2000000,2781560
rand,2000000,2680320
rand,2000000,2684082
rand,2000000,2689299
rand,2000000,2700593
rand,2000000,2637411
rand,2000000,2764797
rand,2000000,2688323
rand,2000000,2679027
rand,2000000,2684367
rand,2000000,2689458
rand,2000000,2695942
rand,2000000,2774523
rand,2000000,2658585
rand,2000000,2675541
rand,2000000,2676152
rand,2000000,2684677
rand,2000000,2692285
rand,2000000,2773207
rand,2000000,2672585
rand,2000000,2646824
rand,2000000,2683902
rand,2000000,2690956
rand,2000000,2680405
rand,2000000,2758522
rand,2000000,2680907
rand,2000000,2678728
rand,2000000,2658903
rand,2000000,2691592
rand,2000000,2675622
rand,2000000,2764840
rand,2000000,2684190
rand,2000000,2687897
rand,2000000,2692926
rand,2000000,2692106
rand,2000000,2686751
rand,2000000,2761119
rand,2000000,2684598
rand,2000000,2685482
rand,2000000,2682496
rand,2000000,2666323
rand,2000000,2669347
rand,2000000,2750717
rand,2000000,2655719
rand,2000000,2684981
rand,2000000,2690752
rand,2000000,2695941
rand,2000000,2693758
rand,2000000,2770920
rand,2000000,2676109
rand,2000000,2686186
rand,2000000,2673064
rand,2000000,2688166
rand,2000000,2775448
rand,2000000,2671991
rand,2000000,2687252
rand,2000000,2686111
rand,2000000,2682181
rand,2000000,2696193
rand,2000000,2781087
rand,2000000,2686467
rand,2000000,2684500
rand,2000000,2679701
rand,2000000,2690367
rand,2000000,2664070
rand,2000000,2771322
rand,2000000,2683751
rand,2000000,2683899
rand,2000000,2678857
rand,2000000,2684066
rand,2000000,2683640
rand,2000000,2771419
rand,2000000,2692368
rand,2000000,2692560
rand,2000000,2695504
rand,2000000,2690213
rand,2000000,2681238
rand,2000000,2750889
rand,2000000,2678793
rand,2000000,2688247
rand,2000000,2692734
rand,2000000,2690178
rand,2000000,2700952
rand,2000000,2755413
rand,2000000,2679421
rand,2000000,2683149
rand,2000000,2690490
rand,2000000,2688855
rand,2000000,2670708
fib,2000000,2153356
fib,2000000,2161509
fib,2000000,2137202
fib,2000000,2165357
fib,2000000,2158724
fib,2000000,2168737
fib,2000000,2175236
fib,2000000,2174584
fib,2000000,2168289
fib,2000000,2244315
fib,2000000,2151364
fib,2000000,2154905
fib,2000000,2149591
fib,2000000,2140558
fib,2000000,2163016
fib,2000000,2161235
fib,2000000,2155680
fib,2000000,2161021
fib,2000000,2170293
fib,2000000,2140770
fib,2000000,2164337
fib,2000000,2181061
fib,2000000,2176968
fib,2000000,2255239
fib,2000000,2154304
fib,2000000,2145610
fib,2000000,2156480
fib,2000000,2171121
fib,2000000,2187592
fib,2000000,2169792
fib,2000000,2167306
fib,2000000,2180022
fib,2000000,2181630
fib,2000000,2182248
fib,2000000,2173633
fib,2000000,2144359
fib,2000000,2179468
fib,2000000,2193009
fib,2000000,2253333
fib,2000000,2148915
fib,2000000,2152035
fib,2000000,2152972
fib,2000000,2166122
fib,2000000,2166568
fib,2000000,2174922
fib,2000000,2173267
fib,2000000,2162823
fib,2000000,2167765
fib,2000000,2154267
fib,2000000,2164271
fib,2000000,2184963
fib,2000000,2185692
fib,2000000,2190979
fib,2000000,2238717
fib,2000000,2154385
fib,2000000,2161889
fib,2000000,2156508
fib,2000000,2164734
fib,2000000,2162591
fib,2000000,2155955
fib,2000000,2136580
fib,2000000,2160303
fib,2000000,2162013
fib,2000000,2176003
fib,2000000,2194614
fib,2000000,2181415
fib,2000000,2187340
fib,2000000,2253898
fib,2000000,2148794
fib,2000000,2145965
fib,2000000,2149043
fib,2000000,2147638
fib,2000000,2145219
fib,2000000,2153331
fib,2000000,2149196
fib,2000000,2151496
fib,2000000,2149250
fib,2000000,2152149
fib,2000000,2156879
fib,2000000,2141757
fib,2000000,2141605
fib,2000000,2143458
fib,2000000,2233746
fib,2000000,2148880
fib,2000000,2148491
fib,2000000,2146635
fib,2000000,2150555
fib,2000000,2148194
fib,2000000,2149120
fib,2000000,2151206
fib,2000000,2146980
fib,2000000,2150941
fib,2000000,2143941
fib,2000000,2133148
fib,2000000,2137293
fib,2000000,2134106
fib,2000000,2146797
fib,2000000,2239037
fib,2000000,2171865
fib,2000000,2159851
pow,2000000,1775371
pow,2000000,1765382
pow,2000000,1763514
pow,2000000,1770374
pow,2000000,1773726
pow,2000000,1769324
pow,2000000,1883885
pow,2000000,1772921
pow,2000000,1771943
pow,2000000,1749273
pow,2000000,1775478
pow,2000000,1768555
pow,2000000,1775188
pow,2000000,1801182
pow,2000000,1891461
pow,2000000,1768942
pow,2000000,1768988
pow,2000000,1767698
pow,2000000,1777556
pow,2000000,1773901
pow,2000000,1774526
pow,2000000,1875604
pow,2000000,1791808
pow,2000000,1774924
pow,2000000,1771873
pow,2000000,1768854
pow,2000000,1768708
pow,2000000,1772009
pow,2000000,1768106
pow,2000000,1873426
pow,2000000,1766639
pow,2000000,1752381
pow,2000000,1753409
pow,2000000,1764853
pow,2000000,1760521
pow,2000000,1763949
pow,2000000,1883787
pow,2000000,1765987
pow,2000000,1767025
pow,2000000,1767061
pow,2000000,1767587
pow,2000000,1769807
pow,2000000,1762908
pow,2000000,1766572
pow,2000000,1945044
pow,2000000,1768759
pow,2000000,1766068
pow,2000000,1765782
pow,2000000,1765145
pow,2000000,1766195
pow,2000000,1764134
pow,2000000,1915611
pow,2000000,1766375
pow,2000000,1766838
pow,2000000,1770263
pow,2000000,1767510
pow,2000000,1774954
pow,2000000,1771695
pow,2000000,1773240
pow,2000000,1886682
pow,2000000,1762384
pow,2000000,1767117
pow,2000000,1768558
pow,2000000,1774144
pow,2000000,1763657
pow,2000000,1761052
pow,2000000,1880263
pow,2000000,1761145
pow,2000000,1769027
pow,2000000,1765124
pow,2000000,1766669
pow,2000000,1776271
pow,2000000,1771071
pow,2000000,1771610
pow,2000000,1882857
pow,2000000,1774113
pow,2000000,1769343
pow,2000000,1768729
pow,2000000,1764632
pow,2000000,1761478
pow,2000000,1770259
pow,2000000,1888870
pow,2000000,1770084
pow,2000000,1765195
pow,2000000,1774869
pow,2000000,1773718
pow,2000000,1766856
pow,2000000,1756046
pow,2000000,1890715
pow,2000000,1771264
pow,2000000,1761613
pow,2000000,1760815
pow,2000000,1766556
pow,2000000,1773190
pow,2000000,1765546
pow,2000000,1768235
pow,2000000,1882780
pow,2000000,1770638
pow,2000000,1773124
pow,2000000,1770877
len,2000000,1574873
len,2000000,1538007
len,2000000,1533675
len,2000000,1524503
len,2000000,1531499
len,2000000,1536537
len,2000000,1524034
len,2000000,1519218
len,2000000,1538027
len,2000000,1643048
len,2000000,1534290
len,2000000,1530090
len,2000000,1537575
len,2000000,1531725
len,2000000,1525689
len,2000000,1545507
len,2000000,1531927
len,2000000,1531391
len,2000000,1532114
len,2000000,1538668
len,2000000,1527670
len,2000000,1650828
len,2000000,1539310
len,2000000,1526432
len,2000000,1526623
len,2000000,1533942
len,2000000,1524515
len,2000000,1537731
len,2000000,1533687
len,2000000,1539921
len,2000000,1534542
len,2000000,1534272
len,2000000,1532315
len,2000000,1635589
len,2000000,1535432
len,2000000,1520353
len,2000000,1530915
len,2000000,1531542
len,2000000,1526026
len,2000000,1540470
len,2000000,1528868
len,2000000,1529764
len,2000000,1515487
len,2000000,1528279
len,2000000,1643982
len,2000000,1531260
len,2000000,1526923
len,2000000,1521308
len,2000000,1534043
len,2000000,1526357
len,2000000,1534144
len,2000000,1523163
len,2000000,1543942
len,2000000,1530128
len,2000000,1530492
len,2000000,1545525
len,2000000,1640044
len,2000000,1536192
len,2000000,1530176
len,2000000,1535226
len,2000000,1531883
len,2000000,1531110
len,2000000,1527422
len,2000000,1528899
len,2000000,1530868
len,2000000,1530627
len,2000000,1522360
len,2000000,1526639
len,2000000,1643086
len,2000000,1530279
len,2000000,1544817
len,2000000,1520129
len,2000000,1527729
len,2000000,1530739
len,2000000,1538154
len,2000000,1535150
len,2000000,1537614
len,2000000,1532983
len,2000000,1522439
len,2000000,1525861
len,2000000,1645145
len,2000000,1538925
len,2000000,1532443
len,2000000,1528543
len,2000000,1526451
len,2000000,1534190
len,2000000,1536501
len,2000000,1534167
len,2000000,1535966
len,2000000,1523320
len,2000000,1532410
len,2000000,1522392
len,2000000,1639310
len,2000000,1535111
len,2000000,1539566
len,2000000,1526716
len,2000000,1541486
len,2000000,1526162
len,2000000,1528601
len,2000000,1529851
sqrt,2000000,1575389
sqrt,2000000,1493894
sqrt,2000000,1506346
sqrt,2000000,1491769
sqrt,2000000,1608860
sqrt,2000000,1498261
sqrt,2000000,1498872
sqrt,2000000,1502389
sqrt,2000000,1493799
sqrt,2000000,1504917
sqrt,2000000,1499087
sqrt,2000000,1511675
sqrt,2000000,1526313
sqrt,2000000,1517040
sqrt,2000000,1518580
sqrt,2000000,1521985
sqrt,2000000,1529238
sqrt,2000000,1523197
sqrt,2000000,1517843
sqrt,2000000,1601858
sqrt,2000000,1488452
sqrt,2000000,1499889
sqrt,2000000,1494228
sqrt,2000000,1500609
sqrt,2000000,1498570
sqrt,2000000,1483090
sqrt,2000000,1500076
sqrt,2000000,1509004
sqrt,2000000,1497739
sqrt,2000000,1499104
sqrt,2000000,1501383
sqrt,2000000,1504042
sqrt,2000000,1500330
sqrt,2000000,1504903
sqrt,2000000,1603473
sqrt,2000000,1484251
sqrt,2000000,1501001
sqrt,2000000,1506526
sqrt,2000000,1493643
sqrt,2000000,1501801
sqrt,2000000,1500249
sqrt,2000000,1483633
sqrt,2000000,1502367
sqrt,2000000,1499571
sqrt,2000000,1497941
sqrt,2000000,1508003
sqrt,2000000,1501743
sqrt,2000000,1509110
sqrt,2000000,1605938
sqrt,2000000,1497957
sqrt,2000000,1502127
sqrt,2000000,1508035
sqrt,2000000,1505584
sqrt,2000000,1502973
sqrt,2000000,1501000
sqrt,2000000,1503953
sqrt,2000000,1497701
sqrt,2000000,1497297
sqrt,2000000,1502958
sqrt,2000000,1506295
sqrt,2000000,1502936
sqrt,2000000,1511777
sqrt,2000000,1501998
sqrt,2000000,1606807
sqrt,2000000,1513557
sqrt,2000000,1494026
sqrt,2000000,1495612
sqrt,2000000,1495783
sqrt,2000000,1492879
sqrt,2000000,1485623
sqrt,2000000,1490194
sqrt,2000000,1502783
sqrt,2000000,1502603
sqrt,2000000,1491643
sqrt,2000000,1489960
sqrt,2000000,1496724
sqrt,2000000,1506642
sqrt,2000000,1490085
sqrt,2000000,1592392
sqrt,2000000,1503516
sqrt,2000000,1495453
sqrt,2000000,1502367
sqrt,2000000,1489076
sqrt,2000000,1500801
sqrt,2000000,1492553
sqrt,2000000,1488744
sqrt,2000000,1478022
sqrt,2000000,1476284
sqrt,2000000,1491679
sqrt,2000000,1486419
sqrt,2000000,1488771
sqrt,2000000,1489357
sqrt,2000000,1496633
sqrt,2000000,1597745
sqrt,2000000,1493024
sqrt,2000000,1493566
sqrt,2000000,1497582
sqrt,2000000,1501876
sqrt,2000000,1496259
sqrt,2000000,1500621
concat,2000000,1544383
concat,2000000,1528712
concat,2000000,1529560
concat,2000000,1631676
concat,2000000,1534191
concat,2000000,1529366
concat,2000000,1536274
concat,2000000,1534596
concat,2000000,1642908
concat,2000000,1539071
concat,2000000,1532215
concat,2000000,1537931
concat,2000000,1634612
concat,2000000,1534760
concat,2000000,1526955
concat,2000000,1539145
concat,2000000,1525282
concat,2000000,1644541
concat,2000000,1536555
concat,2000000,1525163
concat,2000000,1498198
concat,2000000,1517265
concat,2000000,1635169
concat,2000000,1540945
concat,2000000,1525101
concat,2000000,1516779
concat,2000000,1629438
concat,2000000,1518393
concat,2000000,1532260
concat,2000000,1535314
concat,2000000,1520513
concat,2000000,1612495
concat,2000000,1528011
concat,2000000,1535033
concat,2000000,1538988
concat,2000000,1531775
concat,2000000,1628162
concat,2000000,1532390
concat,2000000,1528446
concat,2000000,1522730
concat,2000000,1617740
concat,2000000,1524145
concat,2000000,1511678
concat,2000000,1525165
concat,2000000,1534787
concat,2000000,1633429
concat,2000000,1534196
concat,2000000,1529648
concat,2000000,1525977
concat,2000000,1539559
concat,2000000,1631965
concat,2000000,1531022
concat,2000000,1531037
concat,2000000,1530051
concat,2000000,1629086
concat,2000000,1533411
concat,2000000,1538202
concat,2000000,1536964
concat,2000000,1531931
concat,2000000,1634137
concat,2000000,1536824
concat,2000000,1525799
concat,2000000,1532306
concat,2000000,1532670
concat,2000000,1634251
concat,2000000,1536760
concat,2000000,1531548
concat,2000000,1530796
concat,2000000,1587606
concat,2000000,1571994
concat,2000000,1528966
concat,2000000,1532696
concat,2000000,1535090
concat,2000000,1631564
concat,2000000,1533518
concat,2000000,1532536
concat,2000000,1534408
concat,2000000,1527710
concat,2000000,1629734
concat,2000000,1529874
concat,2000000,1534793
concat,2000000,1536402
concat,2000000,1534485
concat,2000000,1618682
concat,2000000,1533389
concat,2000000,1539017
concat,2000000,1527476
concat,2000000,1630989
concat,2000000,1517506
concat,2000000,1532580
concat,2000000,1518359
concat,2000000,1526965
concat,2000000,1635523
concat,2000000,1530592
concat,2000000,1533323
concat,2000000,1526008
concat,2000000,1531736
concat,2000000,1673641
concat,2000000,1519056
concat,2000000,1530521
